Date,dvv,std
2019-07-16,-0.02865212751292505,0.010271101747207143
2019-07-17,-0.028122050446122118,0.009108488467033675
2019-07-18,-0.02726091374394532,0.008577123138694628
2019-07-19,-0.025681367292089207,0.009303290018652034
2019-07-20,-0.025753219036618008,0.00872497809139361
2019-07-21,-0.025987233642978735,0.008442048198546366
2019-07-22,-0.025294882330860417,0.00835172994342165
2019-07-23,-0.025373601115128774,0.007884332492893728
2019-07-24,-0.025262787136951566,0.0077742388471750395
2019-07-25,-0.0250162572621903,0.007383394303759376
2019-07-26,-0.02505702639319328,0.007196579267860921
2019-07-27,-0.024548341577295556,0.007229998791033069
2019-07-28,-0.024509500636614463,0.0071616842134755035
2019-07-29,-0.02495821524877945,0.006957550791513706
2019-07-30,-0.02514412294223384,0.006878593045404049
2019-07-31,-0.024506163515854218,0.006464059171852072
2019-08-01,-0.024312909269389966,0.006469338573161374
2019-08-02,-0.02393722522415845,0.006297190697477888
2019-08-03,-0.024079739739965578,0.0060324459303039086
2019-08-04,-0.024407566614087814,0.0060666971531457255
2019-08-05,-0.0243469656867325,0.005778254510425575
2019-08-06,-0.024955625587198327,0.005684981867398052
2019-08-07,-0.025434055794892416,0.005847814455090451
2019-08-08,-0.02524312711751893,0.006007593908864495
2019-08-09,-0.0254089358459684,0.0062068451644181006
2019-08-10,-0.025357474534440826,0.006047585129533587
2019-08-11,-0.02456272670788659,0.0059588107117630506
2019-08-12,-0.02496152946709737,0.005979140124145544
2019-08-13,-0.025405601190190048,0.006293041132949154
2019-08-14,-0.02601465445095624,0.00675342406251478
2019-08-15,-0.026525432633953645,0.007274187140969116
2019-08-16,-0.026927555927503923,0.007346908856170578
2019-08-17,-0.02765348580888989,0.007920971314958359
2019-08-18,-0.02789255602453509,0.008117722081675088
2019-08-19,-0.028003310163517384,0.008265544313895897
2019-08-20,-0.028204943180145034,0.008353040044597195
2019-08-21,-0.028495712862483803,0.008631724965735405
2019-08-22,-0.028624552868146056,0.008959684661846162
2019-08-23,-0.028774472572997627,0.009600298259099466
2019-08-24,-0.028852055235882548,0.010181215089214888
2019-08-25,-0.02883539531343517,0.010317679065932209
2019-08-26,-0.029069519493043233,0.011212053548692575
2019-08-27,-0.028695615739836422,0.01127928130837719
2019-08-28,-0.027912860720473096,0.011063427598417053
2019-08-29,-0.026977263795326858,0.011152551648067643
2019-08-30,-0.021832290909698408,0.007254573745614739
2019-08-31,-0.02110781822010897,0.006958336401223287
2019-09-01,-0.020509241560715485,0.006855782261715178
2019-09-02,-0.018431424368560517,0.010145823985063852
2019-09-03,-0.017834301224618283,0.011538705360407426
2019-09-04,-0.016225504773954066,0.018430031459376803
2019-09-05,-0.014275389077281958,0.018853003620850132
2019-09-06,-0.011498208335251683,0.023742686789926828
2019-09-07,-0.011199701246744284,0.02407974727375657
2019-09-08,-0.011015636120860714,0.024060174819360455
2019-09-09,-0.010970727706831801,0.02372375535017763
2019-09-10,-0.010939734336262275,0.023931331280338426
2019-09-11,-0.01102672127927632,0.02392118659513461
2019-09-12,-0.011333821621049385,0.023926316554477745
2019-09-13,-0.011794886840199586,0.02387725934469861
2019-09-14,-0.012220734068725635,0.023949354718686287
2019-09-15,-0.012272007656069589,0.024010738717207235
2019-09-16,-0.012411620492824182,0.023341185526107613
2019-09-17,-0.013799895241286156,0.02021998039971679
2019-09-18,-0.013539777970360843,0.020390912922130248
2019-09-19,-0.013014381056102912,0.020205062449350795
2019-09-20,-0.012552880677199186,0.02011622486476329
2019-09-21,-0.012861705898211279,0.01909818655915809
2019-09-22,-0.012992408199506858,0.01735441274110623
2019-09-23,-0.012588350738139784,0.016632216708756538
2019-09-24,-0.013055973193599114,0.015513638263924764
2019-09-25,-0.013092804282041995,0.014937725391007465
2019-09-26,-0.012580775317516744,0.015586598922049874
2019-09-27,-0.012272116639495354,0.015657985950966475
2019-09-28,-0.01199550597061499,0.01630134262524459
2019-09-29,-0.011621570024626653,0.016716782884320346
2019-09-30,-0.011587560621772046,0.018113452290207995
2019-10-01,-0.011341600199053033,0.018447822734765664
2019-10-02,-0.011492058021093344,0.018286849120909186
2019-10-03,-0.01281128296365003,0.014826440483956618
2019-10-04,-0.01311912891610433,0.01456909059389157
2019-10-05,-0.013828253652372868,0.013529652023793878
2019-10-06,-0.013797418430375743,0.014242589222255467
2019-10-07,-0.013904379519415639,0.01394484260859482
2019-10-08,-0.014162888460226135,0.013192498226539817
2019-10-09,-0.01412522408130975,0.01343100505446552
2019-10-10,-0.014198460673010718,0.013238970003390343
2019-10-11,-0.01469353083731016,0.012223381181964836
2019-10-12,-0.015400737195344273,0.01122115896359488
2019-10-13,-0.01576236991588614,0.01009109489359925
2019-10-14,-0.015622782872673541,0.010408894927568715
2019-10-15,-0.016148949365169446,0.010336062814237181
2019-10-16,-0.016678564453706964,0.009751482454260064
2019-10-17,-0.016854235064293777,0.009693833428003394
2019-10-18,-0.016919912585392324,0.009528029577837676
2019-10-19,-0.017177993081810682,0.008267463424045848
2019-10-20,-0.016455595750216673,0.008444490930864457
2019-10-21,-0.016780667643779053,0.008043210064047977
2019-10-22,-0.01687659782676481,0.007682332680361303
2019-10-23,-0.01770153952895882,0.007493865361441699
2019-10-24,-0.01770143204472965,0.007407617009249906
2019-10-25,-0.017248672629650776,0.007537922139471653
2019-10-26,-0.017408416381284042,0.007708624819290401
2019-10-27,-0.017061018718600225,0.0076282113939800545
2019-10-28,-0.01639106211513285,0.00824239357663257
2019-10-29,-0.015829948331307624,0.009480190730067676
2019-10-30,-0.016120478351861662,0.008175614618959952
2019-10-31,-0.015651814686904898,0.009160673949488605
2019-11-01,-0.015566477288817888,0.009268686465340167
2019-11-02,-0.015879308854420664,0.009361370359731521
2019-11-03,-0.016231414255543728,0.009235599053599492
2019-11-04,-0.01611548110313928,0.009620827321035502
2019-11-05,-0.01616693000321948,0.010442110330945697
2019-11-06,-0.01561750860026133,0.012224906063699218
2019-11-07,-0.015234108262157637,0.012110518714125733
2019-11-08,-0.015434287951290438,0.012197550345772287
2019-11-09,-0.015031268518296273,0.012761625834465636
2019-11-10,-0.015345099517005953,0.01239555157008849
2019-11-11,-0.014766926466073573,0.013316900820299137
2019-11-12,-0.0139777184993298,0.013579126678747803
2019-11-13,-0.013837068085933877,0.013283918390668866
2019-11-14,-0.01288982233903664,0.013763827951984092
2019-11-15,-0.013075106903129413,0.012809432601637454
2019-11-16,-0.011896086965401382,0.013514282276976528
2019-11-17,-0.010571627733194588,0.013791168294591464
2019-11-18,-0.009801426483787146,0.014208453381823897
2019-11-19,-0.009541834976760356,0.013628535527475507
2019-11-20,-0.009228917414456939,0.012544354087188974
2019-11-21,-0.00888457639361104,0.011602830875468375
2019-11-22,-0.008779554001454009,0.01123574005624128
2019-11-23,-0.008326591977102485,0.010436607620910364
2019-11-24,-0.007664632278221425,0.010036964545414561
2019-11-25,-0.007595909951370945,0.009350994712299252
2019-11-26,-0.007844761635363915,0.008338719236008664
2019-11-27,-0.0077138945319120125,0.00953175527730863
2019-11-28,-0.007215589030646355,0.01033253556684334
2019-11-29,-0.006982915700910017,0.00992904002435915
2019-11-30,-0.006934178428333168,0.009299344679646713
2019-12-01,-0.008150033152073709,0.007192038818768099
2019-12-02,-0.008488315763160616,0.0077828184736510875
2019-12-03,-0.008551004456954756,0.0077986040749633495
2019-12-04,-0.008091954159198654,0.007786024980538997
2019-12-05,-0.007962735852731367,0.007630084979830413
2019-12-06,-0.007820170651197103,0.007330133527016731
2019-12-07,-0.007078620554828223,0.006598094611720711
2019-12-08,-0.0069118001438534275,0.006960299583581553
2019-12-09,-0.0071689111193418515,0.007405271438590637
2019-12-10,-0.007994779766631429,0.009272960990818152
2019-12-11,-0.00790829371121367,0.010111825773506056
2019-12-12,-0.0064843152218782675,0.007907200676929713
2019-12-13,-0.00626412525103642,0.007831648300077022
2019-12-14,-0.006137553078418484,0.008271679286604975
2019-12-15,-0.006419947910941235,0.00983768815659898
2019-12-16,-0.00579003123209295,0.009296937132701794
2019-12-17,-0.005555367693804045,0.009219127379596298
2019-12-18,-0.00537798108991295,0.008906831828380115
2019-12-19,-0.005214955936300326,0.008793413041995827
2019-12-20,-0.0053496336413754895,0.009075811589795707
2019-12-21,-0.005070742275597921,0.009448811608116678
2019-12-22,-0.005145885180548655,0.009274803149078638
2019-12-23,-0.005371054683629109,0.008358545815656829
2019-12-24,-0.005199460581581155,0.008981244137929487
2019-12-25,-0.005278778668230195,0.009402252835768317
2019-12-26,-0.005086568248711287,0.010037232772965247
2019-12-27,-0.004784487863507998,0.010195672733763258
2019-12-28,-0.004876785649223538,0.009906827688573294
2019-12-29,-0.005338903320482383,0.009125760282959066
2019-12-30,-0.005162246368652334,0.008611371325031472
2019-12-31,-0.005149877365756413,0.008191499292072257
2020-01-01,-0.004824829394537783,0.007973892517048642
2020-01-02,-0.004216245895761296,0.008771792280446436
2020-01-03,-0.004587130037375251,0.008838783349703014
2020-01-04,-0.004576226386344004,0.008501260116705859
2020-01-05,-0.004352538979764876,0.008663436006671096
2020-01-06,-0.00379135573845526,0.009085768300034278
2020-01-07,-0.0028507764254799895,0.010714211274860672
2020-01-08,-0.0020058460669876233,0.0110590840079297
2020-01-09,-0.0019444823113604869,0.009973871739723101
2020-01-10,-0.0016587126283003437,0.00940193484857292
2020-01-11,-0.0017979168703683502,0.0088488462292807
2020-01-12,-0.0015512814467224115,0.008588759191532382
2020-01-13,-0.0007684428255188072,0.008555382701568174
2020-01-14,-0.00037825223796284424,0.008612415183647396
2020-01-15,-5.9908381306942485e-05,0.008441114085763814
2020-01-16,-0.0001829920371239275,0.009499294157685365
2020-01-17,0.0002457832249033241,0.008747712899936404
2020-01-18,0.0010700888953638751,0.00851030534471988
2020-01-19,0.0019992383947225693,0.008897076061226793
2020-01-20,0.002296988060395553,0.008952763883804928
2020-01-21,0.00289711487553833,0.009051875237553112
2020-01-22,0.0030369618834076343,0.008938747538216744
2020-01-23,0.00310451117654088,0.008713938819778218
2020-01-24,0.003145090965827472,0.008524463191156132
2020-01-25,0.003249082023959016,0.008424304431327684
2020-01-26,0.00333331827936389,0.0084720747716931
2020-01-27,0.0032543770538081026,0.008355059745965775
2020-01-28,0.00310639306243816,0.007828767112698939
2020-01-29,0.002926830464972671,0.006854613764944901
2020-01-30,0.002710145050428225,0.006392054628894223
2020-01-31,0.002610836186462902,0.006578718748683155
2020-02-01,0.0023613016798059434,0.006466222250303127
2020-02-02,0.001575395286865893,0.006918688147104209
2020-02-03,0.0012370069153168006,0.006662079580004701
2020-02-04,0.0009526112373211196,0.0070397483140423114
2020-02-05,0.0007836781906291459,0.006716942354879777
2020-02-06,0.0007997313016386556,0.00649130576691663
2020-02-07,0.0012114200198349195,0.006487838790418066
2020-02-08,0.001626838030323201,0.006817624354766757
2020-02-09,0.0017917228566929437,0.007232567897375086
2020-02-10,0.002277685521197229,0.007362205507520917
2020-02-11,0.001439109075703002,0.005289903599137823
2020-02-12,0.0011012466881011658,0.005304780640432835
2020-02-13,-0.0007109366395982554,0.004041913992740709
2020-02-14,-0.0008733011888130202,0.003315553100750217
2020-02-15,-0.00031631047204941083,0.002989092607461306
2020-02-16,-0.000937239469143126,0.0033546619640448844
2020-02-17,0.0010846102877407906,0.003976785531284816
2020-02-18,0.0020449645969590493,0.005977113457847108
2020-02-19,0.002407035024593058,0.00712101646484341
2020-02-20,0.00270259963188553,0.007488798368425228
2020-02-21,0.002486560096480096,0.007142605894231921
2020-02-22,0.0023086871599276265,0.007001312137004086
2020-02-23,0.0014844245088706867,0.00542258643727096
2020-02-24,0.0014214351832475514,0.004794946949957402
2020-02-25,0.0017751869316395225,0.00458602431530359
2020-02-26,0.0030289950570661487,0.008025093929956994
2020-02-27,0.003263541317130978,0.007137232331582214
2020-02-28,0.0035520910376312716,0.007475857612598192
2020-02-29,0.004290710416798312,0.008481064773503862
2020-03-01,0.004310756160611887,0.008355371644718286
2020-03-02,0.0044874750166415825,0.00822209567812151
2020-03-03,0.00461367760621955,0.008501437859398754
2020-03-04,0.004822154252278279,0.008640033537806938
2020-03-05,0.00496545134883243,0.008610749306038465
2020-03-06,0.0052149586267969325,0.009129552376085384
2020-03-07,0.005608823556053835,0.009268687602639965
2020-03-08,0.005282917277808232,0.009053444823797448
2020-03-09,0.005849344369419297,0.009562652910568225
2020-03-10,0.005971839484669052,0.009553845162751814
2020-03-11,0.005843631762019919,0.00989616520509363
2020-03-12,0.006253655347879417,0.009267183783514035
2020-03-13,0.006462019256967506,0.009184959699855395
2020-03-14,0.006692254597649679,0.00923685323756407
2020-03-15,0.0064418926966090225,0.008214683640334616
2020-03-16,0.006768870358822884,0.00811891903109709
2020-03-17,0.007087592731096294,0.007910454548658352
2020-03-18,0.007420877271935957,0.007496503797298219
2020-03-19,0.0075662487662621685,0.007189131643429778
2020-03-20,0.008235417949522551,0.007800784973435593
2020-03-21,0.008180819115864163,0.007855827239963569
2020-03-22,0.007949018418753822,0.007734142500076897
2020-03-23,0.008347617745494038,0.00795136340979508
2020-03-24,0.008489662441487127,0.00755991627903572
2020-03-25,0.009404909681532785,0.0080402787552044
2020-03-26,0.010072610346148484,0.007502511859401701
2020-03-27,0.010440047934913418,0.007879204771920374
2020-03-28,0.010151780724313237,0.007545675096641254
2020-03-29,0.010072888559126175,0.0074926423445371565
2020-03-30,0.010120338098971246,0.007727862861890936
2020-03-31,0.010384511508602116,0.007733154738596595
2020-04-01,0.010134267879695092,0.007349906097990858
2020-04-02,0.009860069452779245,0.007118352993349927
2020-04-03,0.009339027019172217,0.007048769459868141
2020-04-04,0.009458738775462076,0.006844919439366602
2020-04-05,0.009449414792726143,0.006910294095514384
2020-04-06,0.0094236676962941,0.006762683806812614
2020-04-07,0.009759216553807114,0.006743982532163688
2020-04-08,0.009396702561710112,0.0066831138159022495
2020-04-09,0.009117094094002779,0.007135878756979513
2020-04-10,0.00873532509499633,0.007329336236044889
2020-04-11,0.008225316122696,0.007124777320235864
2020-04-12,0.008148780618318344,0.007018991191982662
2020-04-13,0.007628929351441231,0.006780128077881661
2020-04-14,0.006884607266550328,0.006873253730133572
2020-04-15,0.005783547060246568,0.006976935198269713
2020-04-16,0.004776447715961639,0.007022319497604862
2020-04-17,0.004013809205889362,0.007179849066227616
2020-04-18,0.0032110634195666623,0.007024420529875321
2020-04-19,0.002345517668290238,0.00703372251252062
2020-04-20,0.0016624494523059029,0.006854797901347752
2020-04-21,0.0007793944141196038,0.007207435323030405
2020-04-22,-0.00019569925505957039,0.007168149881678213
2020-04-23,-0.0007868773978774347,0.007167639503473315
2020-04-24,-0.0019696852790781327,0.007048758840112689
2020-04-25,-0.003302817835593937,0.006704104227896927
2020-04-26,-0.004377402114910784,0.006422450396934612
2020-04-27,-0.00495199324797183,0.0064621343806637215
2020-04-28,-0.0048677337134736985,0.006781594051958632
2020-04-29,-0.005607360031452311,0.006539249170847624
2020-04-30,-0.0060071218185035165,0.006144319500465966
2020-05-01,-0.006679831403126034,0.005661243198999926
2020-05-02,-0.007266634639933749,0.005321864714158392
2020-05-03,-0.007765790601886923,0.005069624027403287
2020-05-04,-0.007834923180884384,0.005265943502133344
2020-05-05,-0.007390946402261085,0.0060725112163752815
2020-05-06,-0.007539606934931996,0.005269096618521894
2020-05-07,-0.007869213669642475,0.005476511454181371
2020-05-08,-0.007886389923851152,0.005696998081675376
2020-05-09,-0.007638111034710168,0.006071723997098771
2020-05-10,-0.008213906445986767,0.00703100553708606
2020-05-11,-0.008594198451007415,0.0072098167786246534
2020-05-12,-0.00896166212539908,0.007299700290574013
2020-05-13,-0.009665448945556054,0.007708423673427066
2020-05-14,-0.00975711723443952,0.007780194670783379
2020-05-15,-0.009761700446086631,0.007597142222397589
2020-05-16,-0.01033840202583766,0.007382969828882726
2020-05-17,-0.010116757852391073,0.007157981751852629
2020-05-18,-0.01086836917282079,0.006540082983859598
2020-05-19,-0.0117882833706248,0.00641573729342345
2020-05-20,-0.012975326541382537,0.006185197983428713
2020-05-21,-0.013522099303437188,0.0066400268822151155
2020-05-22,-0.013939515308985266,0.006714066127621492
2020-05-23,-0.01625719635587981,0.009531199415557665
2020-05-24,-0.016899363528059656,0.009256283525034808
2020-05-25,-0.016940095656589254,0.009015552034764075
2020-05-26,-0.01693754167416284,0.008371925556091094
2020-05-27,-0.016897555870001243,0.007958524567825852
2020-05-28,-0.016458569426188334,0.0053016861752083885
2020-05-29,-0.015563930864498069,0.005583700283142632
2020-05-30,-0.015562609471641837,0.00589233360426244
2020-05-31,-0.015254534537494169,0.005913593893717653
2020-06-01,-0.016447201705861704,0.0058522278768890785
2020-06-02,-0.017671506412020005,0.0070654417580355506
2020-06-03,-0.01808316435583593,0.007452734846661576
2020-06-04,-0.01812253187105733,0.0073130311642786595
2020-06-05,-0.018255094264896767,0.006207648385125671
2020-06-06,-0.019430544010061054,0.007628135245005765
2020-06-07,-0.01975127472365022,0.008148958362372952
2020-06-08,-0.017711771942909592,0.00524529402144964
2020-06-09,-0.017634982673511417,0.0052603314376397
2020-06-10,-0.017779751010106218,0.005652925670557471
2020-06-11,-0.01825308717546505,0.005896869246029089
2020-06-12,-0.020809484903032336,0.00887560533344703
2020-06-13,-0.021796593584714113,0.009010964812457167
2020-06-14,-0.022846767075094965,0.008968562591516693
2020-06-15,-0.023684171230848986,0.009207822015269446
2020-06-16,-0.024432347142783462,0.009564954538030884
2020-06-17,-0.024969959740201414,0.009394677881038467
2020-06-18,-0.025037622741848026,0.00931629217675603
2020-06-19,-0.025747131675668892,0.00947748374871257
2020-06-20,-0.026735578990832117,0.009741472302650194
2020-06-21,-0.026810988041470737,0.009422423635177587
2020-06-22,-0.026756767849390947,0.008750433284204315
2020-06-23,-0.027197191018982048,0.008461159971131227
2020-06-24,-0.027645469459277247,0.008933938087809377
2020-06-25,-0.028343066007205486,0.009401889177823308
2020-06-26,-0.028582198541996645,0.009296823654379833
2020-06-27,-0.02902650438474968,0.009205762565681853
2020-06-28,-0.02928111026062462,0.009085955524258692
2020-06-29,-0.02918290622730313,0.009358638052601492
2020-06-30,-0.029345951987415176,0.009274637532448579
2020-07-01,-0.029483200876496696,0.009118510000712248
2020-07-02,-0.029727864704856125,0.00915244999270986
2020-07-03,-0.029975032673798332,0.009101662954713468
2020-07-04,-0.029955292325652114,0.009248142543479996
2020-07-05,-0.02980049078542778,0.008852446921137935
2020-07-06,-0.029757247828016864,0.007806341584391958
2020-07-07,-0.029635859384772298,0.007435432287180914
2020-07-08,-0.02966624499699541,0.0075536733231681185
2020-07-09,-0.029323560052062648,0.007315660784658338
2020-07-10,-0.028616283785699897,0.0068003028398281075
2020-07-11,-0.028278849178171295,0.006494949292707513
2020-07-12,-0.027834137191335845,0.006632246536871365
2020-07-13,-0.02806367860224418,0.0063741147085406395
2020-07-14,-0.02713962730552349,0.006366551222091406
2020-07-15,-0.026667266200288545,0.005412415437152382
2020-07-16,-0.02596728716754575,0.0050197910092751015
2020-07-17,-0.02658116720095756,0.005305905250443976
2020-07-18,-0.02712057319980089,0.006049592742348259
2020-07-19,-0.027690741967479972,0.0063914668207584405
2020-07-20,-0.027878178413821227,0.00654117080927244
2020-07-21,-0.028175660040634997,0.007746433985214341
2020-07-22,-0.028398819936449275,0.008117004520676912
2020-07-23,-0.028392102796131444,0.008971863434696553
2020-07-24,-0.028707363894914795,0.009675706636236295
2020-07-25,-0.02902136669137291,0.010073061176987997
2020-07-26,-0.029360938634069,0.010544657247122
2020-07-27,-0.029111911474256773,0.010711457009989989
2020-07-28,-0.028805517687483555,0.010353313477912802
2020-07-29,-0.0289582855094583,0.010490623489769263
2020-07-30,-0.028873549774929803,0.010354129137988716
2020-07-31,-0.028701937331863048,0.010357618873366807
2020-08-01,-0.0282196168849884,0.009875059975941573
2020-08-02,-0.027628205072596643,0.009388789174783477
2020-08-03,-0.026915402540996655,0.008738040623457354
2020-08-04,-0.02711691397998886,0.008736160914537015
2020-08-05,-0.027524106915332844,0.008257889025328166
2020-08-06,-0.027730961328481993,0.008396417080859303
2020-08-07,-0.027958792028334397,0.00810418652827457
2020-08-08,-0.02780741998452767,0.007340014005157542
2020-08-09,-0.02768480105757402,0.007440183519836699
2020-08-10,-0.02672777568338938,0.005810372344665596
2020-08-11,-0.026284688494018202,0.005345800726533979
2020-08-12,-0.025979976937329213,0.005048417187612205
2020-08-13,-0.025470518090479965,0.004941107748082783
2020-08-14,-0.025363044824329592,0.005271293510457107
2020-08-15,-0.025444481971905995,0.0055256369303114
2020-08-16,-0.025120101440726666,0.004810143249174201
2020-08-17,-0.023591567370783953,0.0040838191770348475
2020-08-18,-0.023507835314961673,0.00436415645871358
2020-08-19,-0.02273451492781259,0.005045386359183989
2020-08-20,-0.021772904640738017,0.004886734262338163
2020-08-21,-0.021740374873836798,0.004841419084346484
2020-08-22,-0.021046102946615037,0.005582839474535005
2020-08-23,-0.020712254070059926,0.006228700180546672
2020-08-24,-0.019945063733099604,0.006724749250203043
2020-08-25,-0.019520696011563442,0.0075148378721984765
2020-08-26,-0.019504046208776205,0.007620601300775798
2020-08-27,-0.01921544614445907,0.007723049592805765
2020-08-28,-0.018884322589215168,0.007969782045897517
2020-08-29,-0.019153719159926065,0.00793574537189866
2020-08-30,-0.019477747642602884,0.008112589480318408
2020-08-31,-0.018861180204719653,0.008621860484026585
2020-09-01,-0.019317156829059278,0.008372169005435214
2020-09-02,-0.019554628688244338,0.008508268111022645
2020-09-03,-0.019562477449410712,0.00817192769797984
2020-09-04,-0.019815770412843808,0.008281648960382854
2020-09-05,-0.019893751273439286,0.008537501955376035
2020-09-06,-0.020317293872603257,0.00870809153378075
2020-09-07,-0.020400681924365775,0.008721729830521541
2020-09-08,-0.020382585664342645,0.008835877972695107
2020-09-09,-0.020684041409146692,0.008887105259047512
2020-09-10,-0.020488013923404953,0.009254074248196171
2020-09-11,-0.020697849657330136,0.009488818748572141
2020-09-12,-0.020463151792360402,0.009524914453138595
2020-09-13,-0.01997587985733971,0.00953390405140728
2020-09-14,-0.018709238009188615,0.010205453383590631
2020-09-15,-0.018388438693182716,0.0103150529085634
2020-09-16,-0.017860854164617808,0.010915728126467367
2020-09-17,-0.0172577874220442,0.011081534235533019
2020-09-18,-0.017061334691479746,0.010913420775420344
2020-09-19,-0.01633285221925029,0.011552602695906909
2020-09-20,-0.015872596303347034,0.01140063531721075
2020-09-21,-0.01539785125790512,0.011144119585769928
2020-09-22,-0.014821709300666293,0.011416712152506777
2020-09-23,-0.014342936701598521,0.01189446642599726
2020-09-24,-0.01382660456525685,0.01159420852363375
2020-09-25,-0.013782218164574915,0.01113534504454461
2020-09-26,-0.014478814964009578,0.010507193321827929
2020-09-27,-0.014625181524703337,0.010455362183878233
2020-09-28,-0.014753594218962343,0.01068035191529176
2020-09-29,-0.014614586668362713,0.010443959333300615
2020-09-30,-0.014233399298883337,0.010440958086974251
2020-10-01,-0.01383800216125001,0.010741866232609492
2020-10-02,-0.014268174759830042,0.01033483468125697
2020-10-03,-0.013810217808834018,0.010850789084367358
2020-10-04,-0.014263504243390124,0.010239817863386996
2020-10-05,-0.014405247699653484,0.010027226060245706
2020-10-06,-0.014396120165680234,0.00995173183680609
2020-10-07,-0.01479696885078391,0.009462085312372491
2020-10-08,-0.015283772866993424,0.008915716615395431
2020-10-09,-0.015604488380190538,0.008711364076883384
2020-10-10,-0.014161389232299931,0.009930633798822931
2020-10-11,-0.013673536058196748,0.010832797607578682
2020-10-12,-0.013902012194154401,0.01040381022497259
2020-10-13,-0.014085828003098716,0.010115384826525747
2020-10-14,-0.01352098621980974,0.01032050235666978
2020-10-15,-0.013539086555069059,0.009512950391819654
2020-10-16,-0.013481788098397991,0.009407064551884399
2020-10-17,-0.01366350824207087,0.008400320643672105
2020-10-18,-0.013925825722029946,0.007335366118929493
2020-10-19,-0.012714017175150909,0.007845054553667918
2020-10-20,-0.012445722190848683,0.008087840216946232
2020-10-21,-0.011735787986256123,0.009570710502108939
2020-10-22,-0.012364019697505975,0.007760545896243325
2020-10-23,-0.013441064068034874,0.006086546841967094
2020-10-24,-0.01411004840630846,0.005171859943184853
2020-10-25,-0.015024978660857695,0.004778827634360712
2020-10-26,-0.014657546554233012,0.006040647611437753
2020-10-27,-0.01466811566344881,0.006119778914508724
2020-10-28,-0.014988450580055372,0.006141566043570406
2020-10-29,-0.015738382295013405,0.006100153343391342
2020-10-30,-0.016190820717522463,0.006592226437958824
2020-10-31,-0.01605824605730315,0.006901066246685109
2020-11-01,-0.017090354387616927,0.004416673122739885
2020-11-02,-0.017630848116057744,0.004190973712529401
2020-11-03,-0.01866662094923736,0.004399664157616899
2020-11-04,-0.02027307599586915,0.006763569539435528
2020-11-05,-0.0200264298387419,0.005770624905234746
2020-11-06,-0.019724786765293666,0.0053648637094653095
2020-11-07,-0.01982609151857855,0.005649573970767379
2020-11-08,-0.019845937440451433,0.006066449516767651
2020-11-09,-0.020411865682143083,0.008042367652976579
2020-11-10,-0.020900925385311294,0.008547935043058117
2020-11-11,-0.020964244007470115,0.00875720013154448
2020-11-12,-0.020816333871125157,0.00923166654531819
2020-11-13,-0.02037060456977937,0.009803433833048878
2020-11-14,-0.0196308044096539,0.008779640865309777
2020-11-15,-0.017389439527755665,0.0041287292219580165
2020-11-16,-0.016811503145425667,0.004734476019132389
2020-11-17,-0.015802548722061726,0.005016494870033591
2020-11-18,-0.015304374050001762,0.004906141318574461
2020-11-19,-0.014746412543919236,0.004862973373429192
2020-11-20,-0.014055565990278697,0.005127088005700717
2020-11-21,-0.013814327726836302,0.0049398583359593585
2020-11-22,-0.013500338366856544,0.00511867866602568
2020-11-23,-0.013079875836667317,0.005493140042514557
2020-11-24,-0.012233422950149153,0.00509287633946653
2020-11-25,-0.012018846905971853,0.004997337004369073
2020-11-26,-0.011769207563967073,0.005277057683911063
2020-11-27,-0.011083570491863938,0.005854227728917194
2020-11-28,-0.011253649362789981,0.00535947926664837
2020-11-29,-0.011095375903732692,0.0055534542682357585
2020-11-30,-0.010494034985359372,0.005823161027476175
2020-12-01,-0.009227954245895275,0.005969059417201966
2020-12-02,-0.008628634863646076,0.006171560925133628
2020-12-03,-0.007863714263713429,0.006265133721920483
2020-12-04,-0.007116885978548825,0.005799468205562995
2020-12-05,-0.006957378549357917,0.005037512311025491
2020-12-06,-0.006538115025145684,0.0047123102174027225
2020-12-07,-0.005925497845622424,0.0045470593057434575
2020-12-08,-0.005131515962200306,0.004249725685218461
2020-12-09,-0.004520083280091183,0.004569969748102731
2020-12-10,-0.003607345044611776,0.005061777141580434
2020-12-11,-0.0023320221994684105,0.005189944419793567
2020-12-12,-0.0017211450694557366,0.005072528192063089
2020-12-13,-0.0010861478651704793,0.0051802274421085025
2020-12-14,-0.0007177981786171595,0.005214203782590321
2020-12-15,-0.00012679608796288696,0.005373688556213655
2020-12-16,5.992890518949812e-05,0.005384804676021615
2020-12-17,0.0002974192625642946,0.005372641454440058
2020-12-18,0.0005754834693141761,0.0052943667800951656
2020-12-19,0.001036777977417895,0.0053448327140203375
2020-12-20,0.0011184115084676405,0.005425091016139751
2020-12-21,0.0013172556091417406,0.0060257929056696784
2020-12-22,0.0008899909776498182,0.00580536955459457
2020-12-23,0.0006488599178814087,0.006279909109475782
2020-12-24,0.000756835219354586,0.006281549346584872
2020-12-25,0.00021641229011501082,0.005894447919389451
2020-12-26,-0.00026797895954343867,0.0055985241453078705
2020-12-27,-0.0006972126344636599,0.0053699936544557795
2020-12-28,-0.0007838213379351215,0.005744644691690912
2020-12-29,-0.0007816914704525829,0.005855873139817178
2020-12-30,-0.0007737044978974113,0.005720132674938642
2020-12-31,-0.001026925397690552,0.005619607050998643
2021-01-01,-0.0013492999012787441,0.005387695221796041
2021-01-02,-0.0014006018398369333,0.005137934923638531
2021-01-03,-0.001597219486301594,0.0049155496551824005
2021-01-04,-0.0013377454355657712,0.005083103033512123
2021-01-05,-0.0010567147038904896,0.004748568357821247
2021-01-06,-0.0009684241520405574,0.004813940588923417
2021-01-07,-0.0005784560352346895,0.004871277711373789
2021-01-08,-0.000404875613914115,0.005096248016628234
2021-01-09,-0.00016799804628358614,0.006241479313008248
2021-01-10,4.404560650403768e-05,0.006140304994983963
2021-01-11,0.0008797455055429626,0.006786042895383472
2021-01-12,0.0012937462632049597,0.006610510273316401
2021-01-13,0.0008613954142405768,0.0071379857233300065
2021-01-14,0.000921563660571312,0.006960082115526069
2021-01-15,0.0015986817620228368,0.007153274918714861
2021-01-16,0.002277412967302358,0.007660691661397605
2021-01-17,0.0025692089555272844,0.0073559336524105364
2021-01-18,0.003182434193871814,0.007543303106053891
2021-01-19,0.0034687913160470142,0.007604816924100053
2021-01-20,0.0038678441243066852,0.007592602807327827
2021-01-21,0.0046130698083226155,0.007061596325843854
2021-01-22,0.005212527150300335,0.006884692378085303
2021-01-23,0.005348711708075548,0.007096887013678793
2021-01-24,0.005038904479066696,0.007286684741274883
2021-01-25,0.0052431778724666075,0.00756166621114853
2021-01-26,0.005559117039067744,0.0074046697876553255
2021-01-27,0.006069177970628232,0.0073722707268737316
2021-01-28,0.006456953869917795,0.006867813139818156
2021-01-29,0.006675670170659266,0.00854337631324581
2021-01-30,0.006403962668960609,0.008948842198536885
2021-01-31,0.006299772601693736,0.009095753253760063
2021-02-01,0.006711514413164021,0.009439135158773123
2021-02-02,0.006957508827472823,0.010058139651286008
2021-02-03,0.007295081094705474,0.00997876368494712
2021-02-04,0.007460057715362786,0.00988072983412502
2021-02-05,0.008234315696830622,0.009419851690781885
2021-02-06,0.008106777151014733,0.009354639832220868
2021-02-07,0.00818049564309833,0.009060214030010498
2021-02-08,0.009138885110477796,0.008894896927166041
2021-02-09,0.009288528714073945,0.00856446014207188
2021-02-10,0.00925080755864874,0.008567484864929443
2021-02-11,0.009271502049622024,0.007754832194334995
2021-02-12,0.010214108642907345,0.008632979554899571
2021-02-13,0.010609077704234422,0.0073154571099455345
2021-02-14,0.010688849640808781,0.0072867012395833024
2021-02-15,0.010942348247373702,0.007525429593360541
2021-02-16,0.010480509620504013,0.007578673769098768
2021-02-17,0.010372367884994191,0.00721548590964855
2021-02-18,0.009965153095000328,0.006643911719131985
2021-02-19,0.009761535580576176,0.006277042085529273
2021-02-20,0.00993522677363235,0.006255772706105649
2021-02-21,0.010234825781488899,0.006396998073537931
2021-02-22,0.010651063206499408,0.006734435638124559
2021-02-23,0.010359136073327942,0.007087868019103134
2021-02-24,0.01040699678225297,0.007356397213508057
2021-02-25,0.010292559772959712,0.007431783362870539
2021-02-26,0.01075358433593184,0.00803942519858644
2021-02-27,0.010072898383103822,0.008344286401475888
2021-02-28,0.009810441457129044,0.00831239384556277
2021-03-01,0.009905142061027354,0.008756101858642592
2021-03-02,0.009923055054090371,0.008983146055860662
2021-03-03,0.00991829224138062,0.009394943790679703
2021-03-04,0.010213678721793623,0.009607902012624724
2021-03-05,0.010041063357060918,0.009445938548595436
2021-03-06,0.009549480196916621,0.009689867567171837
2021-03-07,0.009200168403436373,0.00975617959993019
2021-03-08,0.009602953113504375,0.010055723753961913
2021-03-09,0.009629386600714234,0.009800045272108749
2021-03-10,0.009939879734099025,0.009598686217935876
2021-03-11,0.009962702603800805,0.009318041590978675
2021-03-12,0.009941113418015715,0.008842738731144276
2021-03-13,0.009524231774042513,0.008589007745579965
2021-03-14,0.010154576248943795,0.008571244039464005
2021-03-15,0.010127859600643009,0.008495777174261475
2021-03-16,0.010548197430568196,0.00846706605602783
2021-03-17,0.010993714462415512,0.008408709845574514
2021-03-18,0.011502637189512105,0.008315651263143625
2021-03-19,0.011904591083891886,0.008371663935881766
2021-03-20,0.012178381675563725,0.008487007701230382
2021-03-21,0.012165777119875687,0.008067915433176847
2021-03-22,0.012711223459250335,0.008032271734996054
2021-03-23,0.012841552681533879,0.008166243572713987
2021-03-24,0.013004457350256052,0.008494462710357522
2021-03-25,0.013205332613331835,0.008611123380335615
2021-03-26,0.013323728734891306,0.008610515487655762
2021-03-27,0.013456080780535918,0.008895818783690184
2021-03-28,0.012987829398882267,0.010068718485597887
2021-03-29,0.012700406520243167,0.011516010128663209
2021-03-30,0.01366714480339301,0.009873488364521768
2021-03-31,0.01355884421379717,0.009872972729086289
2021-04-01,0.013053502279186906,0.009797972381576918
2021-04-02,0.013048002485070723,0.00961548860937631
2021-04-03,0.012812826309988852,0.009586309652524327
2021-04-04,0.012743709531048066,0.009841549889657507
2021-04-05,0.012071724923785214,0.010060823312780182
2021-04-06,0.012135658793031988,0.009690969122431758
2021-04-07,0.011930107384182044,0.009401815390802178
2021-04-08,0.01150432915928073,0.00903039557030959
2021-04-09,0.010678638475419939,0.008724183512505826
2021-04-10,0.009942677138875354,0.009010671773868566
2021-04-11,0.009792818224744542,0.008927543471872839
2021-04-12,0.01030929503332892,0.009220131979702709
2021-04-13,0.01017539327265977,0.009424185051633088
2021-04-14,0.010265190860338407,0.009653249825145828
2021-04-15,0.010234857308519198,0.009749645431389602
2021-04-16,0.010509204388115914,0.009874737132945607
2021-04-17,0.01058548232406978,0.01023393427374689
2021-04-18,0.010702472197241499,0.010656734513868314
2021-04-19,0.011015015536458275,0.01062647489881845
2021-04-20,0.012198379612170017,0.011154901770669448
2021-04-21,0.01208977751777691,0.011047646671134835
2021-04-22,0.012421112286466703,0.011368741630999536
2021-04-23,0.012638554069100137,0.011778274554292081
2021-04-24,0.01246974134936274,0.012474669238945016
2021-04-25,0.012243967955141086,0.01268472310529092
2021-04-26,0.012286810516574632,0.012980099469486797
2021-04-27,0.01181570153313887,0.013257147759591496
2021-04-28,0.011035740348971007,0.01377098338155198
2021-04-29,0.01061269762672378,0.013698364838945012
2021-04-30,0.009988730010143639,0.013839820873322384
2021-05-01,0.009478221708331076,0.014005678444376363
2021-05-02,0.00898776260062927,0.013835852657497946
2021-05-03,0.008924107735945428,0.013039100482337543
2021-05-04,0.008550659820316721,0.011958812023778036
2021-05-05,0.008056031754090583,0.011322311490624239
2021-05-06,0.008937079453812497,0.008874612200959722
2021-05-07,0.008540614733732034,0.008004648091598076
2021-05-08,0.007845339551686195,0.006985527959126189
2021-05-09,0.0073855817028049804,0.0066038034965898084
2021-05-10,0.006901090100287644,0.006106249637044226
2021-05-11,0.006235153553078419,0.005728572738604464
2021-05-12,0.0052057661673607395,0.00541583944130648
2021-05-13,0.004787307646917673,0.005157194114905058
2021-05-14,0.004606777125363868,0.004987509802562737
2021-05-15,0.004142917961788599,0.004453921631137955
2021-05-16,0.00416322490688912,0.004211627878572759
2021-05-17,0.0033236160348560436,0.0036815459590603676
2021-05-18,0.0036746104293416907,0.0038004300007182944
2021-05-19,0.0038041912977093196,0.00415742468629427
2021-05-20,0.0037003633789350517,0.004381701547786913
2021-05-21,0.0037237945705687592,0.00461844964477192
2021-05-22,0.0036350070457851075,0.004965463028127072
2021-05-23,0.003973305423525924,0.005490561594007404
2021-05-24,0.003547892474195747,0.005386641641567707
2021-05-25,0.0038060461074496104,0.005615655965011169
2021-05-26,0.0042952075036226155,0.005721560025788385
2021-05-27,0.004747215098675243,0.005789018580622932
2021-05-28,0.00477475017034587,0.005453072522457137
2021-05-29,0.004461953305510662,0.005367428614682365
2021-05-30,0.004339965503147443,0.005665083805151245
2021-05-31,0.0036864670148368506,0.0054146962758600745
2021-06-01,0.004104944231390301,0.00577973984205903
2021-06-02,0.0032699006389658616,0.0061288591129216525
2021-06-03,0.002267318327153316,0.00621015878072581
2021-06-04,0.0013690151285478114,0.0065532010095084026
2021-06-05,9.265922963723548e-05,0.006650758904850009
2021-06-06,-0.0012566348374112937,0.006755700717517746
2021-06-07,-0.0026602184694290106,0.007212404340808739
2021-06-08,-0.004012967245139048,0.007965418016531915
2021-06-09,-0.005379932499084618,0.008744495515295774
2021-06-10,-0.007086744769628582,0.009677814322578738
2021-06-11,-0.008546195722231463,0.010616042536540454
2021-06-12,-0.01060270627804009,0.011269197877444724
2021-06-13,-0.012995068712510667,0.01199149533503357
2021-06-14,-0.015031653806202755,0.01148714425778369
2021-06-15,-0.016767999201041682,0.011617500761285657
2021-06-16,-0.018120043616548166,0.011740998671754273
2021-06-17,-0.019045756998506243,0.011778124210293853
2021-06-18,-0.020237430822136148,0.01129984297052237
2021-06-19,-0.021291668216903866,0.011053705312452611
2021-06-20,-0.02200893569822678,0.010864471053752513
2021-06-21,-0.02214847545075872,0.010504828727242814
2021-06-22,-0.022381974681357917,0.010192768128832137
2021-06-23,-0.02290831612220499,0.009900408836317277
2021-06-24,-0.023486802802282363,0.009799883333237714
2021-06-25,-0.02452916145854119,0.009362428659095751
2021-06-26,-0.025298083249666602,0.009220111151738757
2021-06-27,-0.025378076381297427,0.009030349483402336
2021-06-28,-0.02533480692082432,0.008425114083748422
2021-06-29,-0.024287880569306114,0.010582492688363858
2021-06-30,-0.02506266169879155,0.00887643877106196
2021-07-01,-0.024731842268050665,0.009258867924832569
2021-07-02,-0.025563182345263214,0.00859346657605918
2021-07-03,-0.025508458995695777,0.00834250510842234
2021-07-04,-0.02588851708020117,0.00817431115874812
2021-07-05,-0.026111296772806946,0.007998033425294909
2021-07-06,-0.026757520205536876,0.00786849626808953
2021-07-07,-0.027761128594707935,0.008070376221477672
2021-07-08,-0.02783500560492147,0.007926659543721421
2021-07-09,-0.02844495360113125,0.008286826643513412
2021-07-10,-0.028816466091715814,0.008229335332254306
2021-07-11,-0.029233435325764796,0.008368415534070278
2021-07-12,-0.029362972522982877,0.008170309761092861
2021-07-13,-0.029234379115414738,0.008314711017444841
2021-07-14,-0.029416774410983934,0.008404027818475004
2021-07-15,-0.029712420225925882,0.00875623366257439
2021-07-16,-0.029997037455281594,0.008863664857149164
2021-07-17,-0.030601246468291404,0.009110924960479798
2021-07-18,-0.030882343366389443,0.00938049227165033
2021-07-19,-0.03105943066467183,0.009591716823953324
2021-07-20,-0.031001855232738046,0.010092312597677788
2021-07-21,-0.03119736817519524,0.010257189631448841
2021-07-22,-0.030900710857191867,0.010336782166656948
2021-07-23,-0.03127581804641074,0.010021511872163689
2021-07-24,-0.031077724797957635,0.009445151035987939
2021-07-25,-0.03027503171221441,0.01009786679487861
2021-07-26,-0.029838121951328178,0.009517551727444513
2021-07-27,-0.028388127602329807,0.009921632021427389
2021-07-28,-0.028709895604471927,0.008645917768575945
2021-07-29,-0.02821973949562066,0.007752302164542605
2021-07-30,-0.0276510482418442,0.0069727179053388185
2021-07-31,-0.026989325020743787,0.006986096377306531
2021-08-01,-0.025489444997413454,0.006973784587732484
2021-08-02,-0.024950348485820197,0.00670544135645385
2021-08-03,-0.023525347313008524,0.007568027140722964
2021-08-04,-0.022673008211923976,0.008691983554237328
2021-08-05,-0.021383298383386092,0.009432126020961055
2021-08-06,-0.02223401784003998,0.008993820850358353
2021-08-07,-0.0225086012825748,0.009339432479492628
2021-08-08,-0.02293028043890154,0.009420725257130282
2021-08-09,-0.023471277531255854,0.009394457479584855
2021-08-10,-0.023089659460374643,0.009779967688155693
2021-08-11,-0.024337744043419266,0.00960610561443611
2021-08-12,-0.024692537562356034,0.009343729381776298
2021-08-13,-0.025165188065410803,0.009270826217574584
2021-08-14,-0.025688068988705057,0.008848640718244132
2021-08-15,-0.027838272231271458,0.008177686538210804
2021-08-16,-0.027711499214191176,0.008522627607419623
2021-08-17,-0.02823452008584602,0.008193536819876073
2021-08-18,-0.028735206086105494,0.007974449626994186
2021-08-19,-0.028827811767251518,0.007854563776525866
2021-08-20,-0.028508116104092818,0.0077525621379746406
2021-08-21,-0.02793338000995772,0.007764871406854125
2021-08-22,-0.02756804226328965,0.007792773557914918
2021-08-23,-0.025993712033018895,0.007462922019263885
2021-08-24,-0.02512568473136062,0.008161229197077211
2021-08-25,-0.025432684651980838,0.007782932049070747
2021-08-26,-0.024797279928254774,0.00834086120521706
2021-08-27,-0.024500349786681728,0.00850041871072925
2021-08-28,-0.024329131650939053,0.008630227772356024
2021-08-29,-0.023964047895749675,0.008978273298545992
2021-08-30,-0.023405378103140476,0.009392058530333626
2021-08-31,-0.023204260254572225,0.009206933930930299
2021-09-01,-0.02332389640246468,0.009298544884580382
2021-09-02,-0.023432845946488975,0.00918535813260206
2021-09-03,-0.02398028612380146,0.008903914808096242
2021-09-04,-0.02490813695846537,0.008519535131346767
2021-09-05,-0.025648175760996286,0.00831595833763071
2021-09-06,-0.025678012719826296,0.008444700863909837
2021-09-07,-0.024799719469420542,0.009220519645202412
2021-09-08,-0.02433161905679577,0.00952207904560056
2021-09-09,-0.02325232566256816,0.00956741854737078
2021-09-10,-0.023070491166020248,0.010246753279669214
2021-09-11,-0.023736082283884366,0.009929520399533114
2021-09-12,-0.02495221971905209,0.00835640033129787
2021-09-13,-0.023650222179227607,0.010672478715432619
2021-09-14,-0.0243546632399578,0.009837842829017606
2021-09-15,-0.024889496511940057,0.009041015119407475
2021-09-16,-0.024541021558167637,0.009782583822140372
2021-09-17,-0.024555418263331397,0.00973600411082629
2021-09-18,-0.0239678907043466,0.0102033370741549
2021-09-19,-0.023386446714575678,0.010809044983759338
2021-09-20,-0.022867674431547146,0.010719635766341782
2021-09-21,-0.022288003810871006,0.011302596876185877
2021-09-22,-0.022153978267399736,0.011407707910860683
2021-09-23,-0.021680601500617052,0.011754187574860332
2021-09-24,-0.0223509831035265,0.011901224652767455
2021-09-25,-0.023169869210313013,0.011113077808141903
2021-09-26,-0.023130952014455128,0.01063484285836572
2021-09-27,-0.022209587977353493,0.011572115049841847
2021-09-28,-0.022626396756401466,0.010991818523670847
2021-09-29,-0.02280378235343626,0.011349413133314893
2021-09-30,-0.02258047626663531,0.01109241121836755
2021-10-01,-0.02259256660372363,0.01167449004565533
2021-10-02,-0.022504556863105932,0.01164850306099294
2021-10-03,-0.022804435261761524,0.011368872454986472
2021-10-04,-0.021893512392243103,0.009603057101083296
2021-10-05,-0.021688582991485354,0.010114100743082157
2021-10-06,-0.02188088252730734,0.010149517529365696
2021-10-07,-0.022924784585780147,0.011395398829707658
2021-10-08,-0.022672726660751954,0.01146546047987012
2021-10-09,-0.02066821406183311,0.009438773675636072
2021-10-10,-0.020229422308465715,0.009574683861520902
2021-10-11,-0.018330371625114743,0.0109075993176134
2021-10-12,-0.015874955749774097,0.014469212082258799
2021-10-13,-0.015243740743974485,0.01405028691936294
2021-10-14,-0.014805987525018265,0.012939326852446855
2021-10-15,-0.014664708741469157,0.013048588229491643
2021-10-16,-0.013850210088162887,0.013342374493015537
2021-10-17,-0.015115881500487066,0.011921512336254516
2021-10-18,-0.014464595781766077,0.011170869925509835
2021-10-19,-0.0142640901025869,0.010863257781106994
2021-10-20,-0.014259041441920623,0.01039115537025129
2021-10-21,-0.014297651234660154,0.010459651836050915
2021-10-22,-0.01354309961098363,0.010481503955727348
2021-10-23,-0.01343694921488541,0.010678275756430048
2021-10-24,-0.01459849585861171,0.009013173508245261
2021-10-25,-0.01436971247743893,0.008693624368087871
2021-10-26,-0.014805824247409323,0.008502522230722733
2021-10-27,-0.014937846842901366,0.008232090608266551
2021-10-28,-0.015364097146088074,0.007958000371489119
2021-10-29,-0.016619697128889405,0.009003844580518953
2021-10-30,-0.01727651286320838,0.008631412229488768
2021-10-31,-0.01757304362547366,0.008156035629315194
2021-11-01,-0.017521432957124508,0.008183636668315028
2021-11-02,-0.017668841757911214,0.008492948489623646
2021-11-03,-0.017837749975885886,0.009690453566188514
2021-11-04,-0.01699531845224104,0.009803645067186152
2021-11-05,-0.01643903299315587,0.010543828085858964
2021-11-06,-0.016942057176283706,0.011393204623916691
2021-11-07,-0.01745649470280553,0.011327563341570103
2021-11-08,-0.016824191147462305,0.011024434508094424
2021-11-09,-0.016455533451246764,0.010891116682258138
2021-11-10,-0.016386587395945024,0.011100310868197811
2021-11-11,-0.015724074410243313,0.009983693364869378
2021-11-12,-0.015379038325695043,0.010387482507376021
2021-11-13,-0.014935638596221955,0.010309394512434823
2021-11-14,-0.014235657173236304,0.009613429138915176
2021-11-15,-0.013328498979005022,0.009315796771753091
2021-11-16,-0.012019322504149658,0.009519660844719016
2021-11-17,-0.011446411406233934,0.009370965651284825
2021-11-18,-0.01036409261753328,0.008546608914322297
2021-11-19,-0.010150889398040158,0.008723099879620597
2021-11-20,-0.009143234617266236,0.008564216360268738
2021-11-21,-0.0085825025161918,0.008949053074137663
2021-11-22,-0.007453871000738267,0.009125643507142473
2021-11-23,-0.00712826224034474,0.009465425188068505
2021-11-24,-0.006522396521995095,0.010207866857823206
2021-11-25,-0.006770319614637757,0.010269639266122005
2021-11-26,-0.006901752079524885,0.010206982046704793
2021-11-27,-0.006970659311055849,0.01034989208444199
2021-11-28,-0.006808824531400763,0.010229412558264692
2021-11-29,-0.006888758637524211,0.010583278801089021
2021-11-30,-0.007418082428297643,0.009650194734240673
2021-12-01,-0.007984364736750389,0.00901735068964132
2021-12-02,-0.007565377729329634,0.009557148493181594
2021-12-03,-0.007141421520477423,0.010144525624326927
2021-12-04,-0.00705224568465999,0.010932573611859432
2021-12-05,-0.007142403483831546,0.010896668602171
2021-12-06,-0.007024927118627736,0.01040832004263434
2021-12-07,-0.006922156206242664,0.010246152850199391
2021-12-08,-0.006817474826590158,0.010207918853794634
2021-12-09,-0.00629035556860628,0.010154661301915991
2021-12-10,-0.00592827965337945,0.010661750586347647
2021-12-11,-0.0054464296364428915,0.010802840726809614
2021-12-12,-0.0049074673759512575,0.01072168128584216
2021-12-13,-0.004876283530243798,0.010432599614695138
2021-12-14,-0.004379988516237072,0.010440297048624944
2021-12-15,-0.003111252773536168,0.01173186546913462
2021-12-16,-0.0023932136037013037,0.012402332647174004
2021-12-17,-0.002182813866534583,0.012132148500025393
2021-12-18,-0.002160107584782732,0.011863451709921464
2021-12-19,-0.0015276275641518356,0.01119462575058059
2021-12-20,-0.0016468085098860403,0.010747274154112436
2021-12-21,-0.001686343392728571,0.010137183999892498
2021-12-22,-0.0012847912244622992,0.009944200418207103
2021-12-23,-0.0013746848236573896,0.009704572146054873
2021-12-24,-0.0019071261964268924,0.00846984430967603
2021-12-25,-0.002149690832672025,0.00726307943917274
2021-12-26,-0.0016947612514000045,0.006524981409755169
2021-12-27,-0.0016797038769665127,0.006356924736136148
2021-12-28,-0.0024453448841508002,0.005257637560426716
2021-12-29,-0.002357452702280019,0.006221559549446691
2021-12-30,-0.0027197337981657594,0.005478225145015266
2021-12-31,-0.0031430239890025097,0.005442923280191933
2022-01-01,-0.004012589984705872,0.004397703631971958
2022-01-02,-0.005146070721580373,0.004001790181743632
2022-01-03,-0.004371205167177168,0.0039038960020799486
2022-01-04,-0.0030329942726235633,0.005933938262752122
2022-01-05,-0.004124277947702456,0.005135264666284932
2022-01-06,-0.006866759283879383,0.0075724943100095145
2022-01-07,-0.005606187499792649,0.005660314655713512
2022-01-08,-0.007514838456152054,0.008764283982735913
2022-01-09,-0.0005752846537906541,0.014952592939607942
2022-01-10,5.4729452558755984e-05,0.014544786539545414
2022-01-11,0.00032154263798046405,0.014605221470534148
2022-01-12,-0.0003256755573927325,0.011302636981254869
2022-01-13,0.0004273832198127157,0.010249218355912689
2022-01-14,0.0008854811036086247,0.010793650921400421
2022-01-15,0.0010083919373623197,0.010671223275552108
2022-01-16,0.0010986235223453594,0.01026636477296429
2022-01-17,0.0011356981515756408,0.01027573142046618
2022-01-18,0.0012196067470451768,0.00976454015512898
2022-01-19,0.0015969810705850822,0.010309226355511125
2022-01-20,0.002064687157353728,0.010206874630820567
2022-01-21,0.0026175895691090204,0.009889272430713142
2022-01-22,0.0024382225660424597,0.00910362640388594
2022-01-23,0.002982303889710092,0.009217164096398334
2022-01-24,0.0030383037291003188,0.009714279239493862
2022-01-25,0.002742804500695698,0.01068273370559339
2022-01-26,0.0033924961520943758,0.009534140116442004
2022-01-27,0.0032565175204146146,0.009500336251900067
2022-01-28,0.003181969945420147,0.009104327414018403
2022-01-29,0.0030980927082105594,0.008972130466403301
2022-01-30,0.002272397585528717,0.00761924497537933
2022-01-31,0.0022648080558116475,0.007843326286051503
2022-02-01,0.0020570327852763057,0.008545381145524207
2022-02-02,0.001834429194923981,0.00862914248236478
2022-02-03,0.0020033802184732685,0.008694234677010545
2022-02-04,0.0016272139828616206,0.008450362537354606
2022-02-05,0.0015875998440030572,0.008178797555517663
2022-02-06,0.0017080782130874002,0.00886398250769435
2022-02-07,0.002021577497446077,0.008685294772107485
2022-02-08,0.002211571482550113,0.008503789527854511
2022-02-09,0.0024280537904700517,0.008774186468793618
2022-02-10,0.002549311506139871,0.008944289490301955
2022-02-11,0.00270234465700049,0.008558893547000807
2022-02-12,0.0026528858875590256,0.00856328399988934
2022-02-13,0.002747770427671064,0.009216028900277508
2022-02-14,0.0033259259098986963,0.010003323859185925
2022-02-15,0.0034374809885207125,0.00983904006515596
2022-02-16,0.003356915453699806,0.010259674641158133
2022-02-17,0.0036390459429976214,0.010982485091932727
2022-02-18,0.0037022243658995676,0.011714593670456033
2022-02-19,0.003706388488394272,0.012031071222716941
2022-02-20,0.0037244521869994438,0.011311114948294074
2022-02-21,0.004438234472949743,0.010975101142067876
2022-02-22,0.004605186644764645,0.01157465989724668
2022-02-23,0.004836948963734112,0.012312332033363823
2022-02-24,0.0049609595757077575,0.012042162864964328
2022-02-25,0.004928299752047481,0.012090619785872246
2022-02-26,0.005045545716182349,0.012382572242543556
2022-02-27,0.004993818890728385,0.012463002219739321
2022-02-28,0.005087827640481897,0.012829189262137249
2022-03-01,0.005040054284033922,0.012844399006099879
2022-03-02,0.004993681237576858,0.012745489782765513
2022-03-03,0.00518897738772672,0.012612101418318622
2022-03-04,0.00500039178036408,0.01179106709845826
2022-03-05,0.004933617899022626,0.011018257123309727
2022-03-06,0.00522480679738474,0.011661441107606535
2022-03-07,0.006293385539042063,0.012560116508696128
2022-03-08,0.006733354841595879,0.013138755704766034
2022-03-09,0.007991733722160124,0.011403275473837392
2022-03-10,0.008445860690306579,0.01115878155323097
2022-03-11,0.008469929577428368,0.011590709242429576
2022-03-12,0.008514635685189391,0.011862436820222998
2022-03-13,0.008606702695059627,0.010959440808085906
2022-03-14,0.00861845390333151,0.01049064758046353
2022-03-15,0.008585605301564493,0.010058455540715877
2022-03-16,0.008575344263657064,0.00992755242685806
2022-03-17,0.008576335910091173,0.010069113520718735
2022-03-18,0.00857543224629607,0.009872044273828824
2022-03-19,0.008533703347818515,0.009711074882339542
2022-03-20,0.008405060131054277,0.009809791636524205
2022-03-21,0.008557920670557146,0.009674585413906044
2022-03-22,0.008261292262194771,0.009477439677347937
2022-03-23,0.008072138550718531,0.009417743924276375
2022-03-24,0.007660916108507648,0.009297230635067755
2022-03-25,0.007228692044730662,0.009170509046727324
2022-03-26,0.0070377711072664205,0.009577378307776378
2022-03-27,0.006436490596893875,0.009415593919338425
2022-03-28,0.0060601216558427975,0.00941898511842034
2022-03-29,0.005775955990942937,0.009734610474075924
2022-03-30,0.005339994242057826,0.010103760028499092
2022-03-31,0.004918733147364712,0.010356119392380746
2022-04-01,0.004407527799741595,0.010579290068119404
2022-04-02,0.004011222298285766,0.011018672099220249
2022-04-03,0.003693067091621751,0.011753168733428925
2022-04-04,0.0039091026623565605,0.011762153529280648
2022-04-05,0.003595051087914578,0.012074072325744162
2022-04-06,0.0034761200367175956,0.012683368692016146
2022-04-07,0.00306582269298178,0.012272052791852532
2022-04-08,0.0031498641479305086,0.011659344505626218
2022-04-09,0.003172551378243713,0.01169336477817394
2022-04-10,0.0030440702878345733,0.011204988799315283
2022-04-11,0.0038226132321626284,0.010837855630566847
2022-04-12,0.004490681006104686,0.010916848897602461
2022-04-13,0.004513506800274084,0.010682540024136516
2022-04-14,0.004358668925286627,0.010616576381839509
2022-04-15,0.003953968552276505,0.01061383457242192
2022-04-16,0.0038513989567103978,0.010262300232726486
2022-04-17,0.003464738669845918,0.00997018573388168
2022-04-18,0.0030347120896306507,0.00950747174897501
2022-04-19,0.003007519228389608,0.009234528890699029
2022-04-20,0.002721212644740389,0.008889115886241184
2022-04-21,0.0024081247341108214,0.00891603003120854
2022-04-22,0.0022664355667391185,0.009449749155522054
2022-04-23,0.001846499735140364,0.009624114230254183
2022-04-24,0.0014741887977876842,0.009497810646171837
2022-04-25,0.002036000911007661,0.009689276253440612
2022-04-26,0.0014576799489758856,0.00961299363664304
2022-04-27,0.0010137996810342116,0.009556911204653618
2022-04-28,0.000824030929775928,0.009542727686181134
2022-04-29,0.000815608014199205,0.009585540595878267
2022-04-30,0.0007121796924882442,0.009557051035788282
2022-05-01,0.0004858975590828625,0.00955382505740654
2022-05-02,0.0004215526332239836,0.009654745075998405
2022-05-03,0.0006028420755968635,0.009805157714846047
2022-05-04,0.0002874540854498877,0.010037936282037049
2022-05-05,-0.00010133011589404395,0.01041464111948742
2022-05-06,-0.0007605863876463873,0.010295655102951348
2022-05-07,-0.0007587235371392687,0.010522026195803797
2022-05-08,-0.0010206934138501595,0.010821394849779
2022-05-09,-0.0011680955135578454,0.010814272519630259
2022-05-10,-0.002311046945505217,0.010907602875623352
2022-05-11,-0.003069376875593945,0.010694515792601288
2022-05-12,-0.003968978646940224,0.01062793136752464
2022-05-13,-0.004574003104203853,0.010715298348456194
2022-05-14,-0.005263337155271529,0.011036508691255671
2022-05-15,-0.006531863898979689,0.011097960705231825
2022-05-16,-0.0075424766557859275,0.011119408971071831
2022-05-17,-0.008947747686399467,0.01078069812491602
2022-05-18,-0.011409436195521929,0.008482683033971808
2022-05-19,-0.013320291599231949,0.0083291198611836
2022-05-20,-0.015841848084862394,0.009822434291826321
2022-05-21,-0.019438629124007328,0.010145752579025316
2022-05-22,-0.020538437473648325,0.009843396383222467
2022-05-23,-0.020909191314216105,0.010049749403707365
2022-05-24,-0.021341295563009035,0.01056395818238151
2022-05-25,-0.02223174671918228,0.010353797493070372
2022-05-26,-0.023000901030925353,0.010792447364984664
2022-05-27,-0.02373087958446077,0.010740331212417393
2022-05-28,-0.023895378287669623,0.010915133990876204
2022-05-29,-0.023930448482397837,0.010959091226553216
2022-05-30,-0.023297149371169213,0.010996310947359193
2022-05-31,-0.02341767480816104,0.010884331510175229
2022-06-01,-0.023451360949640832,0.010500684392548178
2022-06-02,-0.023559860985426385,0.010630789434627004
2022-06-03,-0.0241249554822541,0.01066743796039899
2022-06-04,-0.02442470844316263,0.010753302533470961
2022-06-05,-0.02408511808612972,0.01020237742585673
2022-06-06,-0.02415502250500205,0.009554323598375441
2022-06-07,-0.024067018445136628,0.008875472409609704
2022-06-08,-0.024811526583868038,0.008913834816189396
2022-06-09,-0.024703740924008108,0.00922062779011245
2022-06-10,-0.024209182556103114,0.008414332541988832
2022-06-11,-0.024030800609145312,0.007758970776370646
2022-06-12,-0.025146666912431854,0.009070809188926299
2022-06-13,-0.02532934919270889,0.009150480898662043
2022-06-14,-0.02575643476731294,0.009501218719336218
2022-06-15,-0.02587679368281316,0.008889126792673677
2022-06-16,-0.025913846248855996,0.008851557283394165
2022-06-17,-0.025953859953316838,0.008134453549688997
2022-06-18,-0.02559683394015086,0.0076139556438061945
2022-06-19,-0.025787545716415575,0.007797012927539139
2022-06-20,-0.0256662395896604,0.007626759550447039
2022-06-21,-0.02545998825898885,0.007908129296325096
2022-06-22,-0.02537660087311823,0.008149603999057897
2022-06-23,-0.024859180628879127,0.007529111774412319
2022-06-24,-0.024345785542137927,0.007078343432656479
2022-06-25,-0.02561738705372758,0.007997962662348458
2022-06-26,-0.026155561177753042,0.008908367137412863
2022-06-27,-0.02558121092625934,0.008202307227236527
2022-06-28,-0.025598226536372292,0.008123403915023867
2022-06-29,-0.025146395556337936,0.008214745270013106
2022-06-30,-0.025417364882127234,0.008822186091271726
2022-07-01,-0.025453358288514624,0.008963633498397194
2022-07-02,-0.025854127968297048,0.009923600295152315
2022-07-03,-0.025951722052365626,0.010813554272011184
2022-07-04,-0.025629347829145804,0.010608982183341852
2022-07-05,-0.025998513722003947,0.01104111631983645
2022-07-06,-0.02622660733050936,0.01109508750000465
2022-07-07,-0.026619800937141825,0.011084753664496022
2022-07-08,-0.024380151435003175,0.009566049424793822
2022-07-09,-0.024415399979619584,0.009564272067371213
2022-07-10,-0.023816615403546047,0.009360056638708491
2022-07-11,-0.021192096579471895,0.007361626361449939
2022-07-12,-0.02095100441532084,0.007825607229373048
2022-07-13,-0.02073663783522169,0.00787973308975946
2022-07-14,-0.020687368045941738,0.007836086497466104
2022-07-15,-0.020466582360794832,0.008190224838888604
2022-07-16,-0.020636877882501566,0.008399135529686966
2022-07-17,-0.02010015852242922,0.008970340592869847
2022-07-18,-0.01967665442196852,0.009065716176987064
2022-07-19,-0.019785381233057325,0.008866163589231165
2022-07-20,-0.019108029872828572,0.009143164760562995
2022-07-21,-0.017922559349489362,0.010141282916753624
2022-07-22,-0.017704137387529146,0.009822473758848727
2022-07-23,-0.01780624264625377,0.009582296444624366
2022-07-24,-0.017634220296243355,0.00930771124696092
2022-07-25,-0.01800974994307776,0.008729574684828729
2022-07-26,-0.017883605123542912,0.008672360809460938
2022-07-27,-0.01790267189192243,0.00856890412964731
2022-07-28,-0.018113662705356942,0.007996321935681658
2022-07-29,-0.018232374609847096,0.00803849210997756
2022-07-30,-0.018362659501984367,0.008077498490792147
2022-07-31,-0.018488407825862137,0.008132782967503086
2022-08-01,-0.018601361105683955,0.008107147950417466
2022-08-02,-0.01889828547269242,0.00796722475494283
2022-08-03,-0.019326427653715113,0.007985246657326871
2022-08-04,-0.019767293620228027,0.007546264899433955
2022-08-05,-0.020348325373566116,0.0072188201784247315
2022-08-06,-0.020158642344238756,0.007468806932307807
2022-08-07,-0.020458830532611907,0.0071995635103303274
2022-08-08,-0.020726592751724702,0.0070078745882306065
2022-08-09,-0.020731314279891017,0.0071715514308526235
2022-08-10,-0.020945393235891275,0.007165260276540675
2022-08-11,-0.02118688495951251,0.007255438257111622
2022-08-12,-0.02109765149410134,0.007185261025245938
2022-08-13,-0.021393877379442372,0.006973334580168147
2022-08-14,-0.021683318937978053,0.0075541029185868455
2022-08-15,-0.02073566997441401,0.007099562702314962
2022-08-16,-0.02063592600972101,0.007343973843234509
2022-08-17,-0.020325162558043113,0.0077708678879593535
2022-08-18,-0.020263814320369274,0.007506687517606116
2022-08-19,-0.020799349333647035,0.007838066733921387
2022-08-20,-0.02153487631972344,0.008288344725140655
2022-08-21,-0.02225453965525892,0.00844756683844931
2022-08-22,-0.02289685811823657,0.008417791136971583
2022-08-23,-0.023316243420259123,0.008549197334272838
2022-08-24,-0.023743365414493654,0.008339466438209537
2022-08-25,-0.023945387933223396,0.008019476104317988
2022-08-26,-0.023654116763231172,0.007612249592875239
2022-08-27,-0.02397314798475787,0.007101377188384314
2022-08-28,-0.02384473453119181,0.006617825041711143
2022-08-29,-0.023593789082315533,0.0064030670993974375
2022-08-30,-0.023404277490173795,0.006386810702202856
2022-08-31,-0.022448993605421973,0.007169220447214572
2022-09-01,-0.02186377862273167,0.007878247395068167
2022-09-02,-0.02204130085332597,0.007724520028780671
2022-09-03,-0.022457632909858877,0.007444160086134647
2022-09-04,-0.022918085180434266,0.006714888915144706
2022-09-05,-0.022166351329589256,0.007059214859779585
2022-09-06,-0.021533492006631585,0.007232132126828203
2022-09-07,-0.02124738317202214,0.007555640267653575
2022-09-08,-0.020655354947891492,0.007843327172799026
2022-09-09,-0.02036177625844692,0.008545994332526263
2022-09-10,-0.020641097799329763,0.008261814979895655
2022-09-11,-0.020541193120148418,0.007791734649420134
2022-09-12,-0.020732970809191384,0.007947276595552137
2022-09-13,-0.020736197697352108,0.00855428704787233
2022-09-14,-0.020819540440542312,0.009096509387297363
2022-09-15,-0.02134583719345501,0.008832825134030714
2022-09-16,-0.021573722185176458,0.009139392277586875
2022-09-17,-0.02066515202396239,0.00815224786056263
2022-09-18,-0.020412612744123596,0.007311125660282476
2022-09-19,-0.019047153932213592,0.009236171784077173
2022-09-20,-0.0184285713496428,0.009834927502604382
2022-09-21,-0.01838407482785719,0.009695214438040355
2022-09-22,-0.01691315566088571,0.011396045346684912
2022-09-23,-0.01694346997569749,0.011565609402056337
2022-09-24,-0.016789437974449404,0.01143529235375053
2022-09-25,-0.017430262915812653,0.010574280911872343
2022-09-26,-0.016554033179826063,0.011690164940241832
2022-09-27,-0.016898042705664803,0.011251086145524534
2022-09-28,-0.017486173875676383,0.01083308554523918
2022-09-29,-0.017251013285830282,0.010760088973284131
2022-09-30,-0.017598300378405363,0.010407586344764783
2022-10-01,-0.01814127173449263,0.00984357592922499
2022-10-02,-0.018419085193751183,0.009081926862556242
2022-10-03,-0.01872959795818688,0.008975026782016445
2022-10-04,-0.01940393218689176,0.008343440605945864
2022-10-05,-0.020068361578376617,0.00802020137440043
2022-10-06,-0.020674257113014804,0.007469447681682798
2022-10-07,-0.021424306280623102,0.006758834782989686
2022-10-08,-0.021933554866917792,0.0063316808535625844
2022-10-09,-0.02238275953758455,0.006101446096905378
2022-10-10,-0.022512293182983503,0.0055088924732617775
2022-10-11,-0.022690953401218985,0.005467556278730141
2022-10-12,-0.02232500852486401,0.006703129375243617
2022-10-13,-0.0218381405538671,0.007125721209124578
2022-10-14,-0.02181125582167627,0.006936574680869248
2022-10-15,-0.022530774107031113,0.00671046489186637
2022-10-16,-0.02297998550345721,0.00655925799473159
2022-10-17,-0.02280329250102188,0.006338921873842028
2022-10-18,-0.022679258617001045,0.006379140012117184
2022-10-19,-0.022709803381195614,0.006668400740899464
2022-10-20,-0.02290834037552636,0.006767019567667792
2022-10-21,-0.022845944090235326,0.007199066331197334
2022-10-22,-0.022761200374908492,0.007679546533912988
2022-10-23,-0.023076412581518657,0.007111757677191325
2022-10-24,-0.023138444007371084,0.007013231273324558
2022-10-25,-0.023195713483832887,0.0067390430765873095
2022-10-26,-0.023375330938439895,0.006250719134186722
2022-10-27,-0.023006943727280894,0.006486356211848076
2022-10-28,-0.02289035540331477,0.006783034035171651
2022-10-29,-0.023659404921877892,0.006304785121421676
2022-10-30,-0.0241174169587198,0.00612460319091859
2022-10-31,-0.023964748190301224,0.006228839821784054
2022-11-01,-0.02411667101255435,0.006129408509702115
2022-11-02,-0.024145968415254463,0.005947380988827782
2022-11-03,-0.023715451636746914,0.00581094383979105
2022-11-04,-0.022765781829522214,0.005608298567823394
2022-11-05,-0.02236744119600181,0.005455313059668564
2022-11-06,-0.02176039346606133,0.0054234936691330594
2022-11-07,-0.020878067203636594,0.006028790809674732
2022-11-08,-0.020682440480251325,0.0060693229279313995
2022-11-09,-0.020930534898808015,0.006000780477067954
2022-11-10,-0.020631017732925968,0.006462132676489037
2022-11-11,-0.02033833037012092,0.006275253387823655
2022-11-12,-0.019873330146374806,0.006083483195878054
2022-11-13,-0.01939425818148021,0.006356508292974635
2022-11-14,-0.01866463614753407,0.006601996464746336
2022-11-15,-0.01750153894013056,0.006787251457208202
2022-11-16,-0.016916542351518037,0.007127231705642913
2022-11-17,-0.016934124893620082,0.006727643051866093
2022-11-18,-0.01654617680761389,0.006533533322252087
2022-11-19,-0.016119299230236566,0.006363751413843519
2022-11-20,-0.016530367269425337,0.006050281440993675
2022-11-21,-0.017186492372119232,0.005482218937047353
2022-11-22,-0.016788961488625867,0.005374185641940029
2022-11-23,-0.016506559239209535,0.00509085226032032
2022-11-24,-0.01643071916228488,0.004503155160946826
2022-11-25,-0.015675972858569358,0.004471261595540236
2022-11-26,-0.015860414230943084,0.004591881596145756
2022-11-27,-0.015391254067872395,0.0053292725593000485
2022-11-28,-0.015066293555471372,0.005958230430887957
2022-11-29,-0.014632175461151418,0.006821293711601954
2022-11-30,-0.014092847115330967,0.006867367329550968
2022-12-01,-0.013430160488876458,0.0071998251938440805
2022-12-02,-0.012562364862933427,0.007349823341698751
2022-12-03,-0.011909626473473432,0.007723074030577865
2022-12-04,-0.011873237168507952,0.007617292130022071
2022-12-05,-0.010829374411020908,0.008029655154603774
2022-12-06,-0.009183070088668664,0.009291893362040692
2022-12-07,-0.008884140782741056,0.009089249390775263
2022-12-08,-0.009278735193757352,0.008385539869869993
2022-12-09,-0.00904261234716692,0.008880752769656006
2022-12-10,-0.009051013004806574,0.009080832578119175
2022-12-11,-0.008840134472044115,0.009101146118374821
2022-12-12,-0.008712531148057723,0.008861570948544732
2022-12-13,-0.008517003704455347,0.008799821309985424
2022-12-14,-0.008912482094512035,0.008594719883647045
2022-12-15,-0.008571255032426651,0.008587560025501506
2022-12-16,-0.008087149697078534,0.008626997695621095
2022-12-17,-0.008494082078510008,0.007597151805221775
2022-12-18,-0.008239599948738926,0.0072572221998111084
2022-12-19,-0.007306464327121367,0.007977006824182283
2022-12-20,-0.0069710457448218755,0.008074436914147555
2022-12-21,-0.006754658122986832,0.00818325407980109
2022-12-22,-0.007016076105746804,0.007955910030876907
2022-12-23,-0.008261939733213666,0.006005777650612777
2022-12-24,-0.008104114314992554,0.006594861379868066
2022-12-25,-0.00819734893443178,0.006177553882612531
2022-12-26,-0.007817051441419347,0.006439026184405668
2022-12-27,-0.008028211378609828,0.005851805842969016
2022-12-28,-0.007771194177368497,0.0058415168697349305
2022-12-29,-0.0073615532512343864,0.005658894339271886
2022-12-30,-0.007417047258743258,0.00617486444095753
2022-12-31,-0.00727487525309159,0.007589090472244646
2023-01-01,-0.007795923851381282,0.006490702504671657
2023-01-02,-0.007157971053107264,0.006526359905929547
2023-01-03,-0.007153216423495531,0.006524743845572339
2023-01-04,-0.007327642748676064,0.0060901061678652795
2023-01-05,-0.007459086526857343,0.006135599642975174
2023-01-06,-0.007742602009041016,0.005144251145595683
2023-01-07,-0.007618780072658218,0.0046657262895882
2023-01-08,-0.00788455359843032,0.004940060592671699
2023-01-09,-0.007699250238190983,0.004738480504041693
2023-01-10,-0.007735838981631085,0.00453828385983626
2023-01-11,-0.007428802232091272,0.00501215078880197
2023-01-12,-0.0075583808541805795,0.004955728811749986
